STATE,YEAR,GDP at constant prices (in billions),Party in power,Random
ANDAMAN & NICOBAR ISLANDS,1980-81   ,0.4931,TMC,75
ANDAMAN & NICOBAR ISLANDS,1981-82   ,0.5156,TMC,95
ANDAMAN & NICOBAR ISLANDS,1982-83   ,0.5014,TMC,93
ANDAMAN & NICOBAR ISLANDS,1983-84   ,0.5796,TMC,79
ANDAMAN & NICOBAR ISLANDS,1984-85   ,0.558,TMC,40
ANDAMAN & NICOBAR ISLANDS,1985-86   ,0.6304,TMC,24
ANDAMAN & NICOBAR ISLANDS,1986-87   ,0.6601,TMC,11
ANDAMAN & NICOBAR ISLANDS,1987-88   ,0.7024,TMC,29
ANDAMAN & NICOBAR ISLANDS,1988-89   ,0.7655,TMC,77
ANDAMAN & NICOBAR ISLANDS,1989-90   ,0.7687,TMC,82
ANDAMAN & NICOBAR ISLANDS,1990-91   ,0.7393,TMC,25
ANDAMAN & NICOBAR ISLANDS,1991-92   ,0.6836,TMC,88
ANDAMAN & NICOBAR ISLANDS,1992-93   ,0.8879,TMC,96
ANDAMAN & NICOBAR ISLANDS,1993-94   ,0.9872,TMC,54
ANDAMAN & NICOBAR ISLANDS,1993-94   ,4.6816,BJP,95
ANDAMAN & NICOBAR ISLANDS,1994-95   ,5.1679,BJP,84
ANDAMAN & NICOBAR ISLANDS,1995-96   ,5.0745,BJP,82
ANDAMAN & NICOBAR ISLANDS,1996-97   ,5.4463,INC,88
ANDAMAN & NICOBAR ISLANDS,1997-98   ,5.8147,INC,31
ANDAMAN & NICOBAR ISLANDS,1998-99   ,5.345,INC,7
ANDAMAN & NICOBAR ISLANDS,1999-00   ,5.8244,INC,100
ANDAMAN & NICOBAR ISLANDS,1999-00   ,8.38,INC,62
ANDAMAN & NICOBAR ISLANDS,2000-01   ,8.38,INC,52
ANDAMAN & NICOBAR ISLANDS,2001-02   ,8.57,INC,5
ANDAMAN & NICOBAR ISLANDS,2002-03   ,9.48,INC,68
ANDAMAN & NICOBAR ISLANDS,2003-04   ,10.48,INC,22
ANDAMAN & NICOBAR ISLANDS,2004-05   ,10.88,INC,81
ANDAMAN & NICOBAR ISLANDS,2004-05   ,16.3276,INC,58
ANDAMAN & NICOBAR ISLANDS,2005-06   ,17.1994,INC,72
ANDAMAN & NICOBAR ISLANDS,2006-07   ,20.2918,INC,58
ANDAMAN & NICOBAR ISLANDS,2007-08   ,22.378,TDP,44
ANDAMAN & NICOBAR ISLANDS,2008-09   ,25.7874,INC,72
ANDAMAN & NICOBAR ISLANDS,2009-10   ,29.2596,INC,32
ANDAMAN & NICOBAR ISLANDS,2010-11   ,31.8879,INC,77
ANDAMAN & NICOBAR ISLANDS,2011-12   ,34.4895,INC,3
ANDAMAN & NICOBAR ISLANDS,2012-13   ,-,BJP,83
ANDHRA PRADESH,1980-81   ,73.2395,INC,4
ANDHRA PRADESH,1981-82   ,85.096,INC,5
ANDHRA PRADESH,1982-83   ,86.6043,INC,24
ANDHRA PRADESH,1983-84   ,90.223,INC,1
ANDHRA PRADESH,1984-85   ,87.4901,INC,59
ANDHRA PRADESH,1985-86   ,93.0296,INC,22
ANDHRA PRADESH,1986-87   ,90.4974,INC,2
ANDHRA PRADESH,1987-88   ,102.7403,INC,91
ANDHRA PRADESH,1988-89   ,120.2883,INC,48
ANDHRA PRADESH,1989-90   ,129.8577,INC,39
ANDHRA PRADESH,1990-91   ,135.8012,INC,65
ANDHRA PRADESH,1991-92   ,143.4166,INC,41
ANDHRA PRADESH,1992-93   ,139.5455,INC,69
ANDHRA PRADESH,1993-94   ,155.4312,TDP,16
ANDHRA PRADESH,1993-94   ,516.5511,BJP,55
ANDHRA PRADESH,1994-95   ,545.6383,BJP,10
ANDHRA PRADESH,1995-96   ,579.5084,BJP,30
ANDHRA PRADESH,1996-97   ,619.5503,BJP,100
ANDHRA PRADESH,1997-98   ,603.212,BJP,9
ANDHRA PRADESH,1998-99   ,680.364,BJP,50
ANDHRA PRADESH,1999-00   ,709.0408,BJP,96
ANDHRA PRADESH,1999-00   ,1163.6,BJP,50
ANDHRA PRADESH,2000-01   ,1260.35,BJP,74
ANDHRA PRADESH,2001-02   ,1317.5,BJP,47
ANDHRA PRADESH,2002-03   ,1347.49,BJP,5
ANDHRA PRADESH,2003-04   ,1479.5,BJP,36
ANDHRA PRADESH,2004-05   ,1587.14,BJP,62
ANDHRA PRADESH,2004-05   ,2013.0348,BJP,82
ANDHRA PRADESH,2005-06   ,2209.012,BJP,66
ANDHRA PRADESH,2006-07   ,2445.8678,BJP,67
ANDHRA PRADESH,2007-08   ,2727.2585,BJP,80
ANDHRA PRADESH,2008-09   ,2922.5819,BJP,72
ANDHRA PRADESH,2009-10   ,3036.6813,BJP,7
ANDHRA PRADESH,2010-11   ,3329.248,BJP,87
ANDHRA PRADESH,2011-12   ,3588.0144,BJP,23
ANDHRA PRADESH,2012-13   ,-,BJP,30
ARUNACHAL PRADESH,1980-81   ,0.977,INC,89
ARUNACHAL PRADESH,1981-82   ,1.1253,INC,79
ARUNACHAL PRADESH,1982-83   ,1.1633,INC,7
ARUNACHAL PRADESH,1983-84   ,1.2455,INC,95
ARUNACHAL PRADESH,1984-85   ,1.3654,BJP,20
ARUNACHAL PRADESH,1985-86   ,1.5404,BJP,0
ARUNACHAL PRADESH,1986-87   ,1.6466,BJP,40
ARUNACHAL PRADESH,1987-88   ,1.753,BJP,67
ARUNACHAL PRADESH,1988-89   ,1.8966,BJD,59
ARUNACHAL PRADESH,1989-90   ,1.9518,TMC,46
ARUNACHAL PRADESH,1990-91   ,2.3111,TMC,98
ARUNACHAL PRADESH,1991-92   ,2.6424,TMC,63
ARUNACHAL PRADESH,1992-93   ,2.7107,TMC,67
ARUNACHAL PRADESH,1993-94   ,3.1015,TMC,53
ARUNACHAL PRADESH,1993-94   ,8.1213,BJP,87
ARUNACHAL PRADESH,1994-95   ,7.9578,BJP,63
ARUNACHAL PRADESH,1995-96   ,9.146,BJP,17
ARUNACHAL PRADESH,1996-97   ,8.5982,BJP,45
ARUNACHAL PRADESH,1997-98   ,8.841,INC,4
ARUNACHAL PRADESH,1998-99   ,9.1037,INC,20
ARUNACHAL PRADESH,1999-00   ,9.4772,INC,98
ARUNACHAL PRADESH,1999-00   ,14.97,INC,0
ARUNACHAL PRADESH,2000-01   ,16.07,INC,83
ARUNACHAL PRADESH,2001-02   ,18.64,INC,67
ARUNACHAL PRADESH,2002-03   ,17.75,INC,33
ARUNACHAL PRADESH,2003-04   ,19.68,INC,62
ARUNACHAL PRADESH,2004-05   ,22.22,INC,78
ARUNACHAL PRADESH,2004-05   ,31.88,INC,14
ARUNACHAL PRADESH,2005-06   ,32.81,INC,9
ARUNACHAL PRADESH,2006-07   ,34.58,INC,87
ARUNACHAL PRADESH,2007-08   ,38.73,INC,0
ARUNACHAL PRADESH,2008-09   ,41.91,TDP,43
ARUNACHAL PRADESH,2009-10   ,45.51,INC,81
ARUNACHAL PRADESH,2010-11   ,47.01,INC,6
ARUNACHAL PRADESH,2011-12   ,51.52,INC,0
ARUNACHAL PRADESH,2012-13   ,53.78,INC,42
ASSAM,1980-81   ,22.9827,TMC,75
ASSAM,1981-82   ,25.5823,TMC,82
ASSAM,1982-83   ,26.7631,TMC,25
ASSAM,1983-84   ,27.9332,TMC,38
ASSAM,1984-85   ,28.0743,TMC,97
ASSAM,1985-86   ,29.9179,TMC,67
ASSAM,1986-87   ,29.074,TMC,2
ASSAM,1987-88   ,30.3665,TMC,42
ASSAM,1988-89   ,30.5992,TMC,12
ASSAM,1989-90   ,32.857,TMC,5
ASSAM,1990-91   ,34.2555,TMC,8
ASSAM,1991-92   ,35.7661,TMC,13
ASSAM,1992-93   ,36.1309,TMC,96
ASSAM,1993-94   ,37.5392,TMC,29
ASSAM,1993-94   ,134.7683,BJP,26
ASSAM,1994-95   ,137.9647,BJP,14
ASSAM,1995-96   ,141.251,BJP,53
ASSAM,1996-97   ,144.6677,BJP,69
ASSAM,1997-98   ,147.0357,BJD,44
ASSAM,1998-99   ,145.7444,TMC,69
ASSAM,1999-00   ,150.7824,TMC,39
ASSAM,1999-00   ,320.11,TMC,51
ASSAM,2000-01   ,328.21,TMC,49
ASSAM,2001-02   ,336.68,TMC,40
ASSAM,2002-03   ,357.08,TMC,23
ASSAM,2003-04   ,379.05,TMC,48
ASSAM,2004-05   ,392.07,TMC,11
ASSAM,2004-05   ,471.81,TMC,90
ASSAM,2005-06   ,486.02,TMC,64
ASSAM,2006-07   ,507.97,TMC,9
ASSAM,2007-08   ,529.68,TMC,1
ASSAM,2008-09   ,561.23,TMC,30
ASSAM,2009-10   ,612.94,TMC,43
ASSAM,2010-11   ,662.8,TMC,84
ASSAM,2011-12   ,705.44,TMC,53
ASSAM,2012-13   ,754.17,TMC,13
BIHAR,1980-81   ,63.4922,TMC,44
BIHAR,1981-82   ,67.0449,TMC,31
BIHAR,1982-83   ,67.6648,TMC,45
BIHAR,1983-84   ,74.2151,TMC,40
BIHAR,1984-85   ,81.172,TMC,36
BIHAR,1985-86   ,82.9292,TMC,7
BIHAR,1986-87   ,89.5025,TMC,59
BIHAR,1987-88   ,84.5476,SP,21
BIHAR,1988-89   ,95.2338,SP,45
BIHAR,1989-90   ,93.6495,SP,59
BIHAR,1990-91   ,102.5327,SP,48
BIHAR,1991-92   ,96.7308,SP,25
BIHAR,1992-93   ,91.0002,SP,65
BIHAR,1993-94   ,93.1981,SP,69
BIHAR,1993-94   ,207.8007,TMC,17
BIHAR,1994-95   ,231.6337,TMC,24
BIHAR,1995-96   ,195.8199,TMC,18
BIHAR,1996-97   ,245.6885,TMC,63
BIHAR,1997-98   ,234.0373,TMC,46
BIHAR,1998-99   ,248.7899,TMC,99
BIHAR,1999-00   ,261.3663,TMC,65
BIHAR,1999-00   ,460.71,TMC,95
BIHAR,2000-01   ,536.56,TMC,18
BIHAR,2001-02   ,505.79,SP,29
BIHAR,2002-03   ,569.75,SP,81
BIHAR,2003-04   ,533.01,SP,26
BIHAR,2004-05   ,600.45,SP,21
BIHAR,2004-05   ,701.67,SP,35
BIHAR,2005-06   ,698.61,SP,37
BIHAR,2006-07   ,815.14,SP,59
BIHAR,2007-08   ,859.15,SP,57
BIHAR,2008-09   ,967.29,SP,63
BIHAR,2009-10   ,1020.27,SP,38
BIHAR,2010-11   ,1176.05,SP,65
BIHAR,2011-12   ,1302.81,SP,69
BIHAR,2012-13   ,1496.21,SP,39
DELHI,1980-81   ,24.5468,TMC,23
DELHI,1981-82   ,26.5463,TMC,99
DELHI,1982-83   ,29.9001,SP,8
DELHI,1983-84   ,29.1878,SP,60
DELHI,1984-85   ,30.4041,SP,100
DELHI,1985-86   ,35.2045,SP,94
DELHI,1986-87   ,37.4829,SP,89
DELHI,1987-88   ,40.789,SP,43
DELHI,1988-89   ,44.2864,SP,24
DELHI,1989-90   ,48.3829,SP,5
DELHI,1990-91   ,50.4641,SP,95
DELHI,1991-92   ,58.1366,SP,84
DELHI,1992-93   ,60.1694,SP,24
DELHI,1993-94   ,64.328,SP,77
DELHI,1993-94   ,189.6735,BJP,15
DELHI,1994-95   ,212.5014,BJP,66
DELHI,1995-96   ,216.2054,BJP,10
DELHI,1996-97   ,245.9622,BJD,30
DELHI,1997-98   ,285.8247,TMC,59
DELHI,1998-99   ,300.1627,TMC,0
DELHI,1999-00   ,314.5101,TMC,70
DELHI,1999-00   ,511.75,TMC,16
DELHI,2000-01   ,531.77,TMC,22
DELHI,2001-02   ,552.22,TMC,58
DELHI,2002-03   ,594.54,TMC,39
DELHI,2003-04   ,626.94,TMC,70
DELHI,2004-05   ,694.79,TMC,78
DELHI,2004-05   ,947.1686,TMC,51
DELHI,2005-06   ,1044.7341,TMC,25
DELHI,2006-07   ,1174.4414,TMC,25
DELHI,2007-08   ,1306.8304,TMC,89
DELHI,2008-09   ,1469.6123,TMC,28
DELHI,2009-10   ,1631.6079,TMC,95
DELHI,2010-11   ,1809.7372,TMC,0
DELHI,2011-12   ,2016.5273,TMC,38
DELHI,2012-13   ,-,TMC,84
GOA,1980-81   ,3.1546,SP,65
GOA,1981-82   ,2.9212,SP,35
GOA,1982-83   ,3.3638,SP,10
GOA,1983-84   ,3.3977,SP,63
GOA,1984-85   ,3.5294,SP,11
GOA,1985-86   ,3.3763,SP,25
GOA,1986-87   ,3.543,SP,76
GOA,1987-88   ,3.9313,SP,71
GOA,1988-89   ,4.7749,SP,9
GOA,1989-90   ,4.9837,SP,65
GOA,1990-91   ,5.6825,SP,80
GOA,1991-92   ,5.6623,SP,43
GOA,1992-93   ,6.4927,SP,95
GOA,1993-94   ,6.7637,SP,88
GOA,1993-94   ,20.0186,SP,74
GOA,1994-95   ,20.7972,SP,82
GOA,1995-96   ,22.2503,SP,85
GOA,1996-97   ,26.0231,SP,24
GOA,1997-98   ,26.2787,SP,49
GOA,1998-99   ,32.8458,SP,19
GOA,1999-00   ,33.3373,SP,70
GOA,1999-00   ,55.7,SP,71
GOA,2000-01   ,52.87,SP,4
GOA,2001-02   ,54.92,SP,59
GOA,2002-03   ,58.26,SP,30
GOA,2003-04   ,62.25,SP,48
GOA,2004-05   ,68.91,SP,24
GOA,2004-05   ,109.9869,BJP,19
GOA,2005-06   ,119.1644,BJP,72
GOA,2006-07   ,130.8515,BJP,42
GOA,2007-08   ,136.5494,BJP,23
GOA,2008-09   ,147.2765,BJP,34
GOA,2009-10   ,161.1867,BJP,27
GOA,2010-11   ,182.6746,BJP,53
GOA,2011-12   ,202.5718,BJP,97
GOA,2012-13   ,-,BJP,77
GUJARAT,1980-81   ,65.4742,SP,59
GUJARAT,1981-82   ,71.9772,SP,92
GUJARAT,1982-83   ,70.902,SP,14
GUJARAT,1983-84   ,84.5068,SP,31
GUJARAT,1984-85   ,84.4629,SP,27
GUJARAT,1985-86   ,82.1434,BJP,74
GUJARAT,1986-87   ,87.2032,BJP,25
GUJARAT,1987-88   ,77.4882,BJP,16
GUJARAT,1988-89   ,108.7339,BJP,14
GUJARAT,1989-90   ,106.8111,BJP,74
GUJARAT,1990-91   ,108.3915,BJP,85
GUJARAT,1991-92   ,99.4403,BJP,70
GUJARAT,1992-93   ,131.4371,BJP,46
GUJARAT,1993-94   ,127.4099,BJP,47
GUJARAT,1993-94   ,425.6047,BJP,39
GUJARAT,1994-95   ,511.0362,BJP,19
GUJARAT,1995-96   ,526.2943,BJP,62
GUJARAT,1996-97   ,606.5257,BJP,64
GUJARAT,1997-98   ,606.471,BJP,48
GUJARAT,1998-99   ,649.2062,BJP,10
GUJARAT,1999-00   ,651.63,BJP,13
GUJARAT,1999-00   ,925.41,BJP,46
GUJARAT,2000-01   ,864.31,BJP,40
GUJARAT,2001-02   ,934.55,BJP,8
GUJARAT,2002-03   ,1016.03,BJP,26
GUJARAT,2003-04   ,1185.25,BJP,49
GUJARAT,2004-05   ,1255.99,BJP,28
GUJARAT,2004-05   ,1722.65,BJP,77
GUJARAT,2005-06   ,1972.7,BJP,47
GUJARAT,2006-07   ,2139.54,BJP,79
GUJARAT,2007-08   ,2392.53,BJP,26
GUJARAT,2008-09   ,2494.8,INC,45
GUJARAT,2009-10   ,2847.32,INC,48
GUJARAT,2010-11   ,3157.54,INC,66
GUJARAT,2011-12   ,3420.88,INC,42
GUJARAT,2012-13   ,-,INC,68
HARYANA,1980-81   ,30.3195,BJP,15
HARYANA,1981-82   ,31.4518,BJP,64
HARYANA,1982-83   ,33.412,BJP,77
HARYANA,1983-84   ,34.1245,BJP,86
HARYANA,1984-85   ,35.4496,BJP,89
HARYANA,1985-86   ,41.8108,BJP,71
HARYANA,1986-87   ,41.8392,BJP,12
HARYANA,1987-88   ,41.1006,BJP,14
HARYANA,1988-89   ,51.1054,BJP,24
HARYANA,1989-90   ,51.7826,BJP,32
HARYANA,1990-91   ,57.1921,BJP,25
HARYANA,1991-92   ,58.3749,BJP,16
HARYANA,1992-93   ,58.3525,BJP,49
HARYANA,1993-94   ,60.9791,BJP,30
HARYANA,1993-94   ,194.2155,INC,3
HARYANA,1994-95   ,208.352,INC,50
HARYANA,1995-96   ,212.5391,INC,17
HARYANA,1996-97   ,237.5872,INC,49
HARYANA,1997-98   ,239.6519,INC,99
HARYANA,1998-99   ,252.4325,INC,89
HARYANA,1999-00   ,270.6358,INC,61
HARYANA,1999-00   ,473.29,INC,78
HARYANA,2000-01   ,510.9,TDP,66
HARYANA,2001-02   ,550.36,INC,18
HARYANA,2002-03   ,584.1,INC,87
HARYANA,2003-04   ,641.56,INC,16
HARYANA,2004-05   ,696.88,INC,29
HARYANA,2004-05   ,862.2228,BJP,4
HARYANA,2005-06   ,940.1146,BJP,41
HARYANA,2006-07   ,1047.0049,BJP,80
HARYANA,2007-08   ,1128.9592,BJP,81
HARYANA,2008-09   ,1215.8839,BJD,43
HARYANA,2009-10   ,1367.7999,TMC,19
HARYANA,2010-11   ,1494.4707,TMC,59
HARYANA,2011-12   ,1616.3501,TMC,15
HARYANA,2012-13   ,-,TMC,12
HIMACHAL PRADESH,1980-81   ,7.2282,BJP,55
HIMACHAL PRADESH,1981-82   ,7.6788,BJP,34
HIMACHAL PRADESH,1982-83   ,7.4103,BJP,85
HIMACHAL PRADESH,1983-84   ,7.7702,INC,76
HIMACHAL PRADESH,1984-85   ,7.3336,INC,51
HIMACHAL PRADESH,1985-86   ,8.3133,INC,18
HIMACHAL PRADESH,1986-87   ,8.9188,INC,33
HIMACHAL PRADESH,1987-88   ,8.9382,INC,74
HIMACHAL PRADESH,1988-89   ,10.0518,INC,64
HIMACHAL PRADESH,1989-90   ,11.2328,INC,22
HIMACHAL PRADESH,1990-91   ,11.508,INC,44
HIMACHAL PRADESH,1991-92   ,11.5718,INC,71
HIMACHAL PRADESH,1992-93   ,12.1012,INC,64
HIMACHAL PRADESH,1993-94   ,12.5694,INC,0
HIMACHAL PRADESH,1993-94   ,42.5003,TMC,36
HIMACHAL PRADESH,1994-95   ,46.6385,TMC,67
HIMACHAL PRADESH,1995-96   ,49.2052,TMC,61
HIMACHAL PRADESH,1996-97   ,51.9886,TMC,22
HIMACHAL PRADESH,1997-98   ,55.7101,TMC,21
HIMACHAL PRADESH,1998-99   ,59.6628,TMC,71
HIMACHAL PRADESH,1999-00   ,66.2185,TMC,18
HIMACHAL PRADESH,1999-00   ,124.67,TMC,14
HIMACHAL PRADESH,2000-01   ,132.62,TMC,77
HIMACHAL PRADESH,2001-02   ,139.38,TMC,2
HIMACHAL PRADESH,2002-03   ,146.17,TMC,57
HIMACHAL PRADESH,2003-04   ,155.96,TMC,94
HIMACHAL PRADESH,2004-05   ,170.76,TMC,90
HIMACHAL PRADESH,2004-05   ,211.894,TMC,91
HIMACHAL PRADESH,2005-06   ,230.0896,TMC,1
HIMACHAL PRADESH,2006-07   ,248.1932,TMC,42
HIMACHAL PRADESH,2007-08   ,263.6213,TMC,92
HIMACHAL PRADESH,2008-09   ,276.4931,TMC,16
HIMACHAL PRADESH,2009-10   ,291.485,TMC,32
HIMACHAL PRADESH,2010-11   ,316.8388,TMC,13
HIMACHAL PRADESH,2011-12   ,337.6166,TMC,9
HIMACHAL PRADESH,2012-13   ,359.6264,TMC,8
JAMMU & KASHMIR,1980-81   ,10.5,INC,53
JAMMU & KASHMIR,1981-82   ,10.7443,INC,54
JAMMU & KASHMIR,1982-83   ,11.0853,TDP,29
JAMMU & KASHMIR,1983-84   ,11.447,INC,98
JAMMU & KASHMIR,1984-85   ,12.0225,INC,10
JAMMU & KASHMIR,1985-86   ,12.2984,INC,81
JAMMU & KASHMIR,1986-87   ,12.4582,INC,74
JAMMU & KASHMIR,1987-88   ,11.1,BJP,55
JAMMU & KASHMIR,1988-89   ,12.5748,BJP,88
JAMMU & KASHMIR,1989-90   ,12.8535,BJP,51
JAMMU & KASHMIR,1990-91   ,13.5989,BJP,87
JAMMU & KASHMIR,1991-92   ,13.9048,BJD,68
JAMMU & KASHMIR,1992-93   ,14.5227,TMC,31
JAMMU & KASHMIR,1993-94   ,15.22,TMC,78
JAMMU & KASHMIR,1993-94   ,55.002,SP,74
JAMMU & KASHMIR,1994-95   ,57.4499,SP,0
JAMMU & KASHMIR,1995-96   ,60.3148,SP,84
JAMMU & KASHMIR,1996-97   ,63.2065,SP,45
JAMMU & KASHMIR,1997-98   ,66.5224,SP,96
JAMMU & KASHMIR,1998-99   ,70.0533,SP,19
JAMMU & KASHMIR,1999-00   ,72.7015,SP,37
JAMMU & KASHMIR,1999-00   ,135.33,SP,71
JAMMU & KASHMIR,2000-01   ,139.17,SP,73
JAMMU & KASHMIR,2001-02   ,141.85,SP,9
JAMMU & KASHMIR,2002-03   ,149.07,SP,26
JAMMU & KASHMIR,2003-04   ,156.73,SP,35
JAMMU & KASHMIR,2004-05   ,165.19,SP,87
JAMMU & KASHMIR,2004-05   ,232.9221,SP,10
JAMMU & KASHMIR,2005-06   ,243.7109,SP,84
JAMMU & KASHMIR,2006-07   ,257.9432,SP,54
JAMMU & KASHMIR,2007-08   ,273.8731,SP,12
JAMMU & KASHMIR,2008-09   ,291.0203,SP,92
JAMMU & KASHMIR,2009-10   ,305.1315,SP,31
JAMMU & KASHMIR,2010-11   ,325.07,SP,31
JAMMU & KASHMIR,2011-12   ,344.9169,SP,55
JAMMU & KASHMIR,2012-13   ,369.1883,SP,64
KARNATAKA,1980-81   ,55.8736,TMC,17
KARNATAKA,1981-82   ,59.5738,TMC,36
KARNATAKA,1982-83   ,61.0171,TMC,25
KARNATAKA,1983-84   ,65.3582,TMC,99
KARNATAKA,1984-85   ,70.2315,TMC,41
KARNATAKA,1985-86   ,67.333,TMC,68
KARNATAKA,1986-87   ,73.6513,TMC,9
KARNATAKA,1987-88   ,78.8292,TMC,94
KARNATAKA,1988-89   ,85.6321,TMC,89
KARNATAKA,1989-90   ,90.4572,TMC,66
KARNATAKA,1990-91   ,91.121,TMC,100
KARNATAKA,1991-92   ,102.6985,TMC,44
KARNATAKA,1992-93   ,105.0758,TMC,58
KARNATAKA,1993-94   ,112.9109,TMC,77
KARNATAKA,1993-94   ,369.8229,SP,92
KARNATAKA,1994-95   ,389.1705,SP,88
KARNATAKA,1995-96   ,409.739,SP,10
KARNATAKA,1996-97   ,447.3655,SP,2
KARNATAKA,1997-98   ,475.1682,BJP,52
KARNATAKA,1998-99   ,539.6093,BJP,85
KARNATAKA,1999-00   ,565.4327,BJP,53
KARNATAKA,1999-00   ,905.32,BJP,66
KARNATAKA,2000-01   ,911.36,BJP,92
KARNATAKA,2001-02   ,927.88,BJP,80
KARNATAKA,2002-03   ,977.65,BJP,0
KARNATAKA,2003-04   ,996.69,BJP,19
KARNATAKA,2004-05   ,1097.75,BJP,100
KARNATAKA,2004-05   ,1487.2898,BJP,23
KARNATAKA,2005-06   ,1640.3065,BJP,72
KARNATAKA,2006-07   ,1810.8596,BJP,98
KARNATAKA,2007-08   ,2038.099,BJP,33
KARNATAKA,2008-09   ,2183.0924,BJP,47
KARNATAKA,2009-10   ,2183.8283,BJP,53
KARNATAKA,2010-11   ,2386.47,BJP,45
KARNATAKA,2011-12   ,2523.77,BJP,31
KARNATAKA,2012-13   ,2680.3,BJP,1
KERALA,1980-81   ,38.2273,TMC,58
KERALA,1981-82   ,37.7481,TMC,51
KERALA,1982-83   ,38.6851,TMC,97
KERALA,1983-84   ,37.1168,TMC,4
KERALA,1984-85   ,39.4158,TMC,41
KERALA,1985-86   ,40.8636,TMC,48
KERALA,1986-87   ,39.9297,TMC,71
KERALA,1987-88   ,41.6563,TMC,64
KERALA,1988-89   ,45.841,TMC,61
KERALA,1989-90   ,48.9236,TMC,6
KERALA,1990-91   ,52.6234,SP,20
KERALA,1991-92   ,53.6466,SP,95
KERALA,1992-93   ,57.5161,SP,60
KERALA,1993-94   ,63.4665,SP,9
KERALA,1993-94   ,238.5107,BJP,29
KERALA,1994-95   ,259.0792,BJP,46
KERALA,1995-96   ,269.4747,BJP,1
KERALA,1996-97   ,280.2645,BJP,10
KERALA,1997-98   ,286.3315,BJP,97
KERALA,1998-99   ,306.043,BJP,81
KERALA,1999-00   ,327.8501,BJP,36
KERALA,1999-00   ,613.59,BJP,79
KERALA,2000-01   ,629.09,INC,10
KERALA,2001-02   ,660.52,INC,67
KERALA,2002-03   ,708.85,INC,16
KERALA,2003-04   ,754.79,INC,98
KERALA,2004-05   ,825.9,INC,4
KERALA,2004-05   ,1047.7605,INC,80
KERALA,2005-06   ,1154.9986,INC,94
KERALA,2006-07   ,1246.2466,INC,21
KERALA,2007-08   ,1357.4746,INC,45
KERALA,2008-09   ,1440.9392,INC,95
KERALA,2009-10   ,1571.227,INC,54
KERALA,2010-11   ,1702.3691,INC,2
KERALA,2011-12   ,1869.9759,INC,93
KERALA,2012-13   ,-,TDP,65
MADHYA PRADESH,1980-81   ,70.1244,SP,78
MADHYA PRADESH,1981-82   ,71.9058,SP,45
MADHYA PRADESH,1982-83   ,75.1099,SP,99
MADHYA PRADESH,1983-84   ,78.9889,SP,48
MADHYA PRADESH,1984-85   ,75.1616,SP,45
MADHYA PRADESH,1985-86   ,81.719,SP,81
MADHYA PRADESH,1986-87   ,78.086,SP,55
MADHYA PRADESH,1987-88   ,88.7569,SP,63
MADHYA PRADESH,1988-89   ,95.2721,SP,14
MADHYA PRADESH,1989-90   ,97.2523,SP,93
MADHYA PRADESH,1990-91   ,111.0721,SP,91
MADHYA PRADESH,1991-92   ,103.0593,SP,29
MADHYA PRADESH,1992-93   ,110.6175,SP,93
MADHYA PRADESH,1993-94   ,122.4017,SP,23
MADHYA PRADESH,1993-94   ,339.3727,INC,85
MADHYA PRADESH,1994-95   ,345.2901,INC,53
MADHYA PRADESH,1995-96   ,366.0091,INC,86
MADHYA PRADESH,1996-97   ,390.5727,INC,83
MADHYA PRADESH,1997-98   ,411.0147,BJP,27
MADHYA PRADESH,1998-99   ,438.1487,BJP,84
MADHYA PRADESH,1999-00   ,484.1534,BJP,47
MADHYA PRADESH,1999-00   ,726.55,BJP,40
MADHYA PRADESH,2000-01   ,667.5,BJD,82
MADHYA PRADESH,2001-02   ,715.25,TMC,11
MADHYA PRADESH,2002-03   ,677.95,TMC,63
MADHYA PRADESH,2003-04   ,754,TMC,38
MADHYA PRADESH,2004-05   ,778.74,TMC,83
MADHYA PRADESH,2004-05   ,999.4001,TMC,30
MADHYA PRADESH,2005-06   ,1049.7547,TMC,6
MADHYA PRADESH,2006-07   ,1145.4484,TMC,56
MADHYA PRADESH,2007-08   ,1199.5788,TMC,46
MADHYA PRADESH,2008-09   ,1351.2421,TMC,56
MADHYA PRADESH,2009-10   ,1484.2652,TMC,28
MADHYA PRADESH,2010-11   ,1584.6574,TMC,86
MADHYA PRADESH,2011-12   ,1777.8602,TMC,83
MADHYA PRADESH,2012-13   ,1962.5348,TMC,38
MAHARASHTRA,1980-81   ,151.6258,SP,44
MAHARASHTRA,1981-82   ,155.1894,SP,31
MAHARASHTRA,1982-83   ,161.1565,SP,6
MAHARASHTRA,1983-84   ,171.276,SP,32
MAHARASHTRA,1984-85   ,173.481,SP,7
MAHARASHTRA,1985-86   ,187.1425,SP,27
MAHARASHTRA,1986-87   ,189.6855,SP,12
MAHARASHTRA,1987-88   ,202.4798,SP,71
MAHARASHTRA,1988-89   ,223.621,BJP,99
MAHARASHTRA,1989-90   ,260.5075,BJP,81
MAHARASHTRA,1990-91   ,272.2382,BJP,80
MAHARASHTRA,1991-92   ,271.3938,BJP,82
MAHARASHTRA,1992-93   ,312.4336,BJP,27
MAHARASHTRA,1993-94   ,346.8763,BJP,65
MAHARASHTRA,1993-94   ,1017.6746,TMC,18
MAHARASHTRA,1994-95   ,1037.4316,TMC,79
MAHARASHTRA,1995-96   ,1151.8757,TMC,3
MAHARASHTRA,1996-97   ,1197.324,TMC,95
MAHARASHTRA,1997-98   ,1263.3892,TMC,32
MAHARASHTRA,1998-99   ,1313.6846,TMC,36
MAHARASHTRA,1999-00   ,1438.6278,TMC,35
MAHARASHTRA,1999-00   ,2171.98,TMC,82
MAHARASHTRA,2000-01   ,2105.26,TMC,99
MAHARASHTRA,2001-02   ,2179.63,TMC,26
MAHARASHTRA,2002-03   ,2329.94,TMC,94
MAHARASHTRA,2003-04   ,2509.89,TMC,54
MAHARASHTRA,2004-05   ,2728.6,TMC,83
MAHARASHTRA,2004-05   ,3700.228,SP,25
MAHARASHTRA,2005-06   ,4236.3219,SP,67
MAHARASHTRA,2006-07   ,4819.8323,SP,94
MAHARASHTRA,2007-08   ,5380.8097,SP,22
MAHARASHTRA,2008-09   ,5465.3291,SP,34
MAHARASHTRA,2009-10   ,5984.5475,SP,69
MAHARASHTRA,2010-11   ,6692.793,SP,80
MAHARASHTRA,2011-12   ,7376.4131,SP,60
MAHARASHTRA,2012-13   ,-,SP,22
MANIPUR,1980-81   ,1.9956,BJP,75
MANIPUR,1981-82   ,2.1103,BJP,63
MANIPUR,1982-83   ,2.14,BJP,8
MANIPUR,1983-84   ,2.3297,BJP,18
MANIPUR,1984-85   ,2.4257,BJP,1
MANIPUR,1985-86   ,2.5617,BJP,92
MANIPUR,1986-87   ,2.6125,BJP,37
MANIPUR,1987-88   ,2.8166,BJP,19
MANIPUR,1988-89   ,2.9526,BJP,7
MANIPUR,1989-90   ,2.9934,BJP,55
MANIPUR,1990-91   ,3.1622,BJP,87
MANIPUR,1991-92   ,3.4285,BJP,8
MANIPUR,1992-93   ,3.5939,BJP,28
MANIPUR,1993-94   ,3.6692,BJP,66
MANIPUR,1993-94   ,11.4144,SP,71
MANIPUR,1994-95   ,11.103,SP,57
MANIPUR,1995-96   ,11.4737,SP,59
MANIPUR,1996-97   ,12.5788,SP,67
MANIPUR,1997-98   ,13.7364,SP,40
MANIPUR,1998-99   ,13.9636,SP,22
MANIPUR,1999-00   ,15.8117,SP,48
MANIPUR,1999-00   ,29.54,SP,2
MANIPUR,2000-01   ,27.65,SP,17
MANIPUR,2001-02   ,29.37,SP,94
MANIPUR,2002-03   ,29.21,SP,13
MANIPUR,2003-04   ,32.4,SP,14
MANIPUR,2004-05   ,35.4,SP,27
MANIPUR,2004-05   ,46.033,SP,1
MANIPUR,2005-06   ,49.0705,SP,74
MANIPUR,2006-07   ,49.9219,SP,29
MANIPUR,2007-08   ,52.6666,SP,16
MANIPUR,2008-09   ,56.5217,BJP,22
MANIPUR,2009-10   ,60.3949,BJP,97
MANIPUR,2010-11   ,63.3873,BJP,72
MANIPUR,2011-12   ,67.6291,BJP,93
MANIPUR,2012-13   ,72.4842,BJP,26
MEGHALAYA,1980-81   ,1.7962,BJP,26
MEGHALAYA,1981-82   ,1.8728,BJP,28
MEGHALAYA,1982-83   ,1.9014,BJP,9
MEGHALAYA,1983-84   ,1.9457,BJP,53
MEGHALAYA,1984-85   ,2.0459,BJP,98
MEGHALAYA,1985-86   ,2.1432,BJP,92
MEGHALAYA,1986-87   ,2.1767,INC,77
MEGHALAYA,1987-88   ,2.3725,INC,68
MEGHALAYA,1988-89   ,2.3956,INC,19
MEGHALAYA,1989-90   ,2.7455,INC,58
MEGHALAYA,1990-91   ,3.0399,INC,87
MEGHALAYA,1991-92   ,3.1889,INC,18
MEGHALAYA,1992-93   ,3.0007,INC,45
MEGHALAYA,1993-94   ,3.2112,INC,75
MEGHALAYA,1993-94   ,13.0908,BJP,74
MEGHALAYA,1994-95   ,13.5288,BJP,44
MEGHALAYA,1995-96   ,15.0812,BJP,11
MEGHALAYA,1996-97   ,15.6148,BJP,96
MEGHALAYA,1997-98   ,16.6215,BJP,27
MEGHALAYA,1998-99   ,18.4186,BJP,20
MEGHALAYA,1999-00   ,19.9893,BJP,6
MEGHALAYA,1999-00   ,32.11,BJP,85
MEGHALAYA,2000-01   ,34.22,BJP,77
MEGHALAYA,2001-02   ,36.51,BJP,55
MEGHALAYA,2002-03   ,37.59,BJP,2
MEGHALAYA,2003-04   ,39.93,BJP,19
MEGHALAYA,2004-05   ,42.7,BJP,65
MEGHALAYA,2004-05   ,58.46,BJP,79
MEGHALAYA,2005-06   ,63.03,BJP,32
MEGHALAYA,2006-07   ,67.78,BJP,95
MEGHALAYA,2007-08   ,69.91,BJP,23
MEGHALAYA,2008-09   ,78.89,BJP,7
MEGHALAYA,2009-10   ,83.96,BJP,24
MEGHALAYA,2010-11   ,91.81,BJP,69
MEGHALAYA,2011-12   ,97.48,BJP,98
MEGHALAYA,2012-13   ,106.42,INC,6
NAGALAND,1980-81   ,1.0547,INC,74
NAGALAND,1981-82   ,1.2541,INC,68
NAGALAND,1982-83   ,1.426,INC,99
NAGALAND,1983-84   ,1.4631,INC,90
NAGALAND,1984-85   ,1.5089,INC,1
NAGALAND,1985-86   ,1.5422,TDP,71
NAGALAND,1986-87   ,1.7126,INC,44
NAGALAND,1987-88   ,1.9175,INC,71
NAGALAND,1988-89   ,2.0682,INC,0
NAGALAND,1989-90   ,2.148,INC,32
NAGALAND,1990-91   ,2.381,BJP,48
NAGALAND,1991-92   ,2.4779,BJP,43
NAGALAND,1992-93   ,2.8325,BJP,91
NAGALAND,1993-94   ,2.8757,BJP,36
NAGALAND,1993-94   ,12.508,INC,46
NAGALAND,1994-95   ,13.479,INC,14
NAGALAND,1995-96   ,14.4469,INC,65
NAGALAND,1996-97   ,15.4704,INC,40
NAGALAND,1997-98   ,16.8406,INC,34
NAGALAND,1998-99   ,16.048,INC,57
NAGALAND,1999-00   ,16.1402,INC,57
NAGALAND,1999-00   ,26.1,INC,66
NAGALAND,2000-01   ,30.52,INC,47
NAGALAND,2001-02   ,34.02,INC,92
NAGALAND,2002-03   ,37.41,INC,21
NAGALAND,2003-04   ,39.12,INC,35
NAGALAND,2004-05   ,41,TDP,63
NAGALAND,2004-05   ,54.2146,INC,25
NAGALAND,2005-06   ,59.8609,INC,7
NAGALAND,2006-07   ,64.5367,INC,47
NAGALAND,2007-08   ,69.7836,INC,21
NAGALAND,2008-09   ,74.2169,BJP,97
NAGALAND,2009-10   ,78.4196,BJP,0
NAGALAND,2010-11   ,82.9816,BJP,42
NAGALAND,2011-12   ,87.1836,BJP,92
NAGALAND,2012-13   ,91.4071,BJD,35
ORISSA,1980-81   ,34.4269,BJD,88
ORISSA,1981-82   ,34.3723,TMC,43
ORISSA,1982-83   ,32.32,TMC,68
ORISSA,1983-84   ,38.8482,TMC,2
ORISSA,1984-85   ,37.0032,TMC,11
ORISSA,1985-86   ,41.268,TMC,57
ORISSA,1986-87   ,41.842,TMC,29
ORISSA,1987-88   ,40.5374,TMC,20
ORISSA,1988-89   ,49.0689,TMC,87
ORISSA,1989-90   ,52.3428,TMC,42
ORISSA,1990-91   ,43.447,TMC,57
ORISSA,1991-92   ,48.9701,TMC,1
ORISSA,1992-93   ,48.1371,TMC,33
ORISSA,1993-94   ,51.2393,TMC,3
ORISSA,1993-94   ,161.8488,TMC,83
ORISSA,1994-95   ,169.736,TMC,21
ORISSA,1995-96   ,177.4931,TMC,84
ORISSA,1996-97   ,165.2439,TMC,71
ORISSA,1997-98   ,189.0156,TMC,80
ORISSA,1998-99   ,194.8179,TMC,63
ORISSA,1999-00   ,207.1666,TMC,39
ORISSA,1999-00   ,383.99,TMC,33
ORISSA,2000-01   ,373.86,TMC,31
ORISSA,2001-02   ,396.62,TMC,96
ORISSA,2002-03   ,393.77,TMC,67
ORISSA,2003-04   ,451.27,TMC,17
ORISSA,2004-05   ,510.2,TMC,42
ORISSA,2004-05   ,679.8702,TMC,69
ORISSA,2005-06   ,710.0497,TMC,90
ORISSA,2006-07   ,798.4484,TMC,94
ORISSA,2007-08   ,866.9191,TMC,95
ORISSA,2008-09   ,932.0665,TMC,36
ORISSA,2009-10   ,939.5723,TMC,6
ORISSA,2010-11   ,994.9037,TMC,19
ORISSA,2011-12   ,1019.0663,TMC,68
ORISSA,2012-13   ,1094.6409,TMC,52
PUDUCHERRY,1980-81   ,1.6709,SP,97
PUDUCHERRY,1981-82   ,1.6935,SP,50
PUDUCHERRY,1982-83   ,1.8288,SP,28
PUDUCHERRY,1983-84   ,1.8474,SP,32
PUDUCHERRY,1984-85   ,1.9502,SP,77
PUDUCHERRY,1985-86   ,2.0432,SP,51
PUDUCHERRY,1986-87   ,2.1673,SP,76
PUDUCHERRY,1987-88   ,2.1855,SP,40
PUDUCHERRY,1988-89   ,2.2908,SP,70
PUDUCHERRY,1989-90   ,2.3969,SP,45
PUDUCHERRY,1990-91   ,2.5385,SP,9
PUDUCHERRY,1991-92   ,2.3797,SP,35
PUDUCHERRY,1992-93   ,2.0831,SP,3
PUDUCHERRY,1993-94   ,2.3543,SP,28
PUDUCHERRY,1993-94   ,8.2923,TMC,41
PUDUCHERRY,1994-95   ,8.3452,TMC,52
PUDUCHERRY,1995-96   ,8.7021,TMC,45
PUDUCHERRY,1996-97   ,12.1164,TMC,100
PUDUCHERRY,1997-98   ,15.8983,TMC,14
PUDUCHERRY,1998-99   ,17.9451,TMC,23
PUDUCHERRY,1999-00   ,18.3744,TMC,1
PUDUCHERRY,1999-00   ,28.93,TMC,62
PUDUCHERRY,2000-01   ,33.05,SP,33
PUDUCHERRY,2001-02   ,35.29,SP,99
PUDUCHERRY,2002-03   ,38.79,SP,68
PUDUCHERRY,2003-04   ,40.53,SP,39
PUDUCHERRY,2004-05   ,35,SP,47
PUDUCHERRY,2004-05   ,50.3306,SP,74
PUDUCHERRY,2005-06   ,63.7508,SP,9
PUDUCHERRY,2006-07   ,66.1439,SP,26
PUDUCHERRY,2007-08   ,71.3732,SP,55
PUDUCHERRY,2008-09   ,78.3547,SP,30
PUDUCHERRY,2009-10   ,91.9669,SP,71
PUDUCHERRY,2010-11   ,101.3154,SP,91
PUDUCHERRY,2011-12   ,102.4354,SP,25
PUDUCHERRY,2012-13   ,117.2787,SP,28
PUNJAB,1980-81   ,44.4925,TMC,87
PUNJAB,1981-82   ,48.7188,TMC,70
PUNJAB,1982-83   ,50.1522,TMC,66
PUNJAB,1983-84   ,51.0546,TMC,72
PUNJAB,1984-85   ,55.0215,TMC,91
PUNJAB,1985-86   ,59.2372,TMC,50
PUNJAB,1986-87   ,61.3143,TMC,97
PUNJAB,1987-88   ,64.4986,TMC,20
PUNJAB,1988-89   ,67.9228,TMC,15
PUNJAB,1989-90   ,73.6454,TMC,83
PUNJAB,1990-91   ,75.0493,TMC,37
PUNJAB,1991-92   ,78.4487,TMC,48
PUNJAB,1992-93   ,82.1516,TMC,52
PUNJAB,1993-94   ,85.7442,SP,13
PUNJAB,1993-94   ,270.6756,TMC,39
PUNJAB,1994-95   ,277.4565,TMC,17
PUNJAB,1995-96   ,287.7062,TMC,23
PUNJAB,1996-97   ,308.895,TMC,84
PUNJAB,1997-98   ,317.2621,SP,51
PUNJAB,1998-99   ,335.521,SP,25
PUNJAB,1999-00   ,353.268,SP,34
PUNJAB,1999-00   ,611.39,SP,51
PUNJAB,2000-01   ,631.72,SP,48
PUNJAB,2001-02   ,639.95,SP,15
PUNJAB,2002-03   ,650.85,SP,23
PUNJAB,2003-04   ,691.49,SP,81
PUNJAB,2004-05   ,725.87,SP,87
PUNJAB,2004-05   ,861.0813,SP,11
PUNJAB,2005-06   ,903.2981,SP,9
PUNJAB,2006-07   ,1000.7179,SP,71
PUNJAB,2007-08   ,1087.3818,SP,53
PUNJAB,2008-09   ,1147.6627,SP,77
PUNJAB,2009-10   ,1220.9725,SP,68
PUNJAB,2010-11   ,1300.2377,SP,68
PUNJAB,2011-12   ,1372.7501,SP,30
PUNJAB,2012-13   ,1444.9823,SP,38
RAJASTHAN,1980-81   ,41.2571,SP,52
RAJASTHAN,1981-82   ,44.7811,SP,26
RAJASTHAN,1982-83   ,45.6976,SP,29
RAJASTHAN,1983-84   ,56.113,SP,5
RAJASTHAN,1984-85   ,52.0766,SP,19
RAJASTHAN,1985-86   ,51.873,SP,79
RAJASTHAN,1986-87   ,56.847,SP,0
RAJASTHAN,1987-88   ,52.9056,SP,92
RAJASTHAN,1988-89   ,74.7712,SP,24
RAJASTHAN,1989-90   ,73.24,SP,33
RAJASTHAN,1990-91   ,84.726,SP,52
RAJASTHAN,1991-92   ,78.2337,SP,31
RAJASTHAN,1992-93   ,89.9649,SP,0
RAJASTHAN,1993-94   ,82.6257,SP,90
RAJASTHAN,1993-94   ,289.769,SP,74
RAJASTHAN,1994-95   ,342.6892,SP,67
RAJASTHAN,1995-96   ,355.3035,SP,61
RAJASTHAN,1996-97   ,396.8179,SP,83
RAJASTHAN,1997-98   ,445.0851,SP,28
RAJASTHAN,1998-99   ,464.5716,SP,2
RAJASTHAN,1999-00   ,465.7378,SP,13
RAJASTHAN,1999-00   ,741.74,SP,79
RAJASTHAN,2000-01   ,717.64,BJP,62
RAJASTHAN,2001-02   ,799.36,BJP,9
RAJASTHAN,2002-03   ,703.33,BJP,78
RAJASTHAN,2003-04   ,927.12,BJP,38
RAJASTHAN,2004-05   ,904.45,BJP,45
RAJASTHAN,2004-05   ,1126.3572,BJP,42
RAJASTHAN,2005-06   ,1202.0228,BJP,30
RAJASTHAN,2006-07   ,1343.4991,BJP,25
RAJASTHAN,2007-08   ,1404.7148,BJP,100
RAJASTHAN,2008-09   ,1522.8354,BJP,43
RAJASTHAN,2009-10   ,1611.5948,BJP,48
RAJASTHAN,2010-11   ,1861.9284,BJP,95
RAJASTHAN,2011-12   ,1975.3685,BJP,74
RAJASTHAN,2012-13   ,-,BJP,68
SIKKIM,1980-81   ,0.4898,SP,98
SIKKIM,1981-82   ,0.5219,SP,14
SIKKIM,1982-83   ,0.5882,SP,83
SIKKIM,1983-84   ,0.6142,SP,69
SIKKIM,1984-85   ,0.6946,SP,73
SIKKIM,1985-86   ,0.7559,SP,25
SIKKIM,1986-87   ,0.8917,SP,85
SIKKIM,1987-88   ,1.0755,SP,26
SIKKIM,1988-89   ,1.149,SP,75
SIKKIM,1989-90   ,1.2289,SP,87
SIKKIM,1990-91   ,1.3532,SP,76
SIKKIM,1991-92   ,1.4429,BJP,33
SIKKIM,1992-93   ,-,BJP,47
SIKKIM,1993-94   ,-,BJP,57
SIKKIM,1993-94   ,3.6381,BJP,12
SIKKIM,1994-95   ,3.675,BJP,63
SIKKIM,1995-96   ,4.023,BJP,53
SIKKIM,1996-97   ,4.2897,BJP,0
SIKKIM,1997-98   ,4.6072,BJP,80
SIKKIM,1998-99   ,4.9374,BJP,71
SIKKIM,1999-00   ,5.0752,BJP,78
SIKKIM,1999-00   ,7.65,BJP,28
SIKKIM,2000-01   ,8.14,BJP,74
SIKKIM,2001-02   ,8.81,BJP,45
SIKKIM,2002-03   ,9.47,BJP,12
SIKKIM,2003-04   ,10.22,BJP,88
SIKKIM,2004-05   ,11.02,INC,31
SIKKIM,2004-05   ,15.1066,INC,21
SIKKIM,2005-06   ,16.6214,INC,98
SIKKIM,2006-07   ,17.6003,INC,48
SIKKIM,2007-08   ,18.621,INC,72
SIKKIM,2008-09   ,21.0594,INC,23
SIKKIM,2009-10   ,36.586,INC,43
SIKKIM,2010-11   ,39.3982,INC,5
SIKKIM,2011-12   ,42.6284,INC,30
SIKKIM,2012-13   ,-,INC,3
TAMIL NADU,1980-81   ,72.1816,BJP,98
TAMIL NADU,1981-82   ,80.1077,BJP,36
TAMIL NADU,1982-83   ,75.7839,BJP,61
TAMIL NADU,1983-84   ,79.8839,BJP,55
TAMIL NADU,1984-85   ,90.3276,BJP,29
TAMIL NADU,1985-86   ,93.9095,BJP,70
TAMIL NADU,1986-87   ,93.0994,BJP,0
TAMIL NADU,1987-88   ,98.9312,BJP,81
TAMIL NADU,1988-89   ,107.3284,BJP,6
TAMIL NADU,1989-90   ,114.6789,BJP,97
TAMIL NADU,1990-91   ,124.2299,BJP,5
TAMIL NADU,1991-92   ,127.554,BJP,96
TAMIL NADU,1992-93   ,134.1346,BJP,10
TAMIL NADU,1993-94   ,145.8289,BJP,78
TAMIL NADU,1993-94   ,516.4329,INC,59
TAMIL NADU,1994-95   ,579.4317,INC,60
TAMIL NADU,1995-96   ,598.6121,INC,40
TAMIL NADU,1996-97   ,623.157,TDP,10
TAMIL NADU,1997-98   ,678.2227,INC,82
TAMIL NADU,1998-99   ,705.0517,INC,83
TAMIL NADU,1999-00   ,746.8504,INC,24
TAMIL NADU,1999-00   ,1197.04,INC,10
TAMIL NADU,2000-01   ,1263.49,BJP,100
TAMIL NADU,2001-02   ,1239.01,BJP,100
TAMIL NADU,2002-03   ,1245.21,BJP,21
TAMIL NADU,2003-04   ,1322.81,BJP,93
TAMIL NADU,2004-05   ,1479.94,BJD,39
TAMIL NADU,2004-05   ,1936.4503,TMC,12
TAMIL NADU,2005-06   ,2215.8791,TMC,68
TAMIL NADU,2006-07   ,2562.8576,TMC,86
TAMIL NADU,2007-08   ,2723.3984,TMC,16
TAMIL NADU,2008-09   ,2850.3494,TMC,9
TAMIL NADU,2009-10   ,3133.6546,TMC,23
TAMIL NADU,2010-11   ,3438.8198,TMC,63
TAMIL NADU,2011-12   ,3692.9105,TMC,0
TAMIL NADU,2012-13   ,3848.3949,TMC,86
TRIPURA,1980-81   ,2.6445,BJP,88
TRIPURA,1981-82   ,2.6052,BJP,13
TRIPURA,1982-83   ,2.8745,BJP,38
TRIPURA,1983-84   ,2.7853,BJP,83
TRIPURA,1984-85   ,2.8678,BJP,98
TRIPURA,1985-86   ,2.9023,BJP,32
TRIPURA,1986-87   ,3.0684,BJP,63
TRIPURA,1987-88   ,3.4692,BJP,48
TRIPURA,1988-89   ,3.8968,BJP,48
TRIPURA,1989-90   ,4.1553,INC,58
TRIPURA,1990-91   ,4.47,INC,42
TRIPURA,1991-92   ,4.59,INC,58
TRIPURA,1992-93   ,4.7621,INC,99
TRIPURA,1993-94   ,5.2917,INC,22
TRIPURA,1993-94   ,16.1927,TMC,49
TRIPURA,1994-95   ,16.0065,TMC,9
TRIPURA,1995-96   ,17.3269,TMC,72
TRIPURA,1996-97   ,19.2342,TMC,40
TRIPURA,1997-98   ,21.3155,TMC,63
TRIPURA,1998-99   ,23.3274,TMC,46
TRIPURA,1999-00   ,25.3207,TMC,98
TRIPURA,1999-00   ,44.96,TMC,40
TRIPURA,2000-01   ,47.78,TMC,69
TRIPURA,2001-02   ,54.33,TMC,0
TRIPURA,2002-03   ,57.96,TMC,48
TRIPURA,2003-04   ,61.36,TMC,41
TRIPURA,2004-05   ,66.39,TMC,44
TRIPURA,2004-05   ,81.6969,TMC,21
TRIPURA,2005-06   ,87.0818,TMC,0
TRIPURA,2006-07   ,94.5804,TMC,84
TRIPURA,2007-08   ,100.822,TMC,100
TRIPURA,2008-09   ,111.4629,SP,88
TRIPURA,2009-10   ,122.8729,SP,2
TRIPURA,2010-11   ,132.5384,SP,96
TRIPURA,2011-12   ,143.9722,SP,52
TRIPURA,2012-13   ,156.4584,SP,34
UTTAR PRADESH,1980-81   ,140.1182,INC,86
UTTAR PRADESH,1981-82   ,143.4769,INC,94
UTTAR PRADESH,1982-83   ,154.6875,INC,90
UTTAR PRADESH,1983-84   ,160.7551,INC,10
UTTAR PRADESH,1984-85   ,163.3119,INC,68
UTTAR PRADESH,1985-86   ,169.7052,INC,49
UTTAR PRADESH,1986-87   ,177.0571,INC,43
UTTAR PRADESH,1987-88   ,185.0601,INC,88
UTTAR PRADESH,1988-89   ,209.1861,TDP,84
UTTAR PRADESH,1989-90   ,215.0094,INC,64
UTTAR PRADESH,1990-91   ,227.7965,INC,0
UTTAR PRADESH,1991-92   ,228.7287,INC,35
UTTAR PRADESH,1992-93   ,231.1916,INC,91
UTTAR PRADESH,1993-94   ,236.9226,BJP,53
UTTAR PRADESH,1993-94   ,709.347,SP,26
UTTAR PRADESH,1994-95   ,746.3495,SP,40
UTTAR PRADESH,1995-96   ,770.4631,SP,96
UTTAR PRADESH,1996-97   ,855.9709,SP,17
UTTAR PRADESH,1997-98   ,846.8648,SP,96
UTTAR PRADESH,1998-99   ,853.102,SP,30
UTTAR PRADESH,1999-00   ,-,SP,53
UTTAR PRADESH,1999-00   ,1568.09,SP,19
UTTAR PRADESH,2000-01   ,1600.15,SP,85
UTTAR PRADESH,2001-02   ,1629.26,SP,10
UTTAR PRADESH,2002-03   ,1681.98,SP,52
UTTAR PRADESH,2003-04   ,1770.54,SP,59
UTTAR PRADESH,2004-05   ,1859.2,SP,78
UTTAR PRADESH,2004-05   ,222.8773,SP,62
UTTAR PRADESH,2005-06   ,254.4771,SP,43
UTTAR PRADESH,2006-07   ,285.1414,SP,95
UTTAR PRADESH,2007-08   ,334.9846,SP,59
UTTAR PRADESH,2008-09   ,370.6422,SP,42
UTTAR PRADESH,2009-10   ,434.0695,SP,17
UTTAR PRADESH,2010-11   ,476.8563,SP,3
UTTAR PRADESH,2011-12   ,501.8032,SP,20
UTTAR PRADESH,2012-13   ,535.209,BJP,33
WEST BENGAL,1980-81   ,95.94,BJP,81
WEST BENGAL,1981-82   ,93.3506,BJP,67
WEST BENGAL,1982-83   ,97.0364,BJP,32
WEST BENGAL,1983-84   ,108.5651,BJD,99
WEST BENGAL,1984-85   ,111.4503,TMC,34
WEST BENGAL,1985-86   ,116.1109,TMC,43
WEST BENGAL,1986-87   ,120.7246,TMC,78
WEST BENGAL,1987-88   ,127.1998,TMC,60
WEST BENGAL,1988-89   ,132.6405,TMC,21
WEST BENGAL,1989-90   ,137.3489,TMC,92
WEST BENGAL,1990-91   ,144.5781,TMC,13
WEST BENGAL,1991-92   ,155.9022,TMC,1
WEST BENGAL,1992-93   ,160.5352,TMC,32
WEST BENGAL,1993-94   ,172.2058,TMC,83
WEST BENGAL,1993-94   ,483.9763,BJP,35
WEST BENGAL,1994-95   ,517.6126,BJP,91
WEST BENGAL,1995-96   ,556.3083,BJP,37
WEST BENGAL,1996-97   ,594.9599,BJP,67
WEST BENGAL,1997-98   ,644.8361,BJP,15
WEST BENGAL,1998-99   ,685.9838,BJP,75
WEST BENGAL,1999-00   ,735.2781,BJP,2
WEST BENGAL,1999-00   ,1252.99,BJP,85
WEST BENGAL,2000-01   ,1296.91,BJP,5
WEST BENGAL,2001-02   ,1390.57,BJP,59
WEST BENGAL,2002-03   ,1439.31,BJP,57
WEST BENGAL,2003-04   ,1523.88,BJP,71
WEST BENGAL,2004-05   ,1624.91,BJP,75
WEST BENGAL,2004-05   ,1900.2888,BJP,9
WEST BENGAL,2005-06   ,2019.9425,BJP,94
WEST BENGAL,2006-07   ,2178.4888,BJP,83
WEST BENGAL,2007-08   ,2347.9772,BJP,52
WEST BENGAL,2008-09   ,2442.6192,BJP,59
WEST BENGAL,2009-10   ,2632.2987,BJP,2
WEST BENGAL,2010-11   ,2879.6959,BJP,4
WEST BENGAL,2011-12   ,3074.5262,BJP,15
WEST BENGAL,2012-13   ,3314.698,BJP,65
